{"lr": 0.00997794446709763, "data_time": 0.012391376495361327, "loss": 0.04834094410762191, "decode.loss_ce": 0.032332531083375214, "decode.acc_seg": 93.17475891113281, "aux.loss_ce": 0.016008412651717662, "aux.acc_seg": 93.17475891113281, "time": 0.20703017711639404, "step": 100}
{"lr": 0.009955660594668054, "data_time": 0.018343567848205566, "loss": 0.05969733111560345, "decode.loss_ce": 0.04089556857943535, "decode.acc_seg": 98.9483413696289, "aux.loss_ce": 0.018801761884242298, "aux.acc_seg": 98.00144958496094, "time": 0.21400656700134277, "step": 200}
{"lr": 0.009933371122565919, "data_time": 0.008181476593017578, "loss": 0.038853403506800534, "decode.loss_ce": 0.026889296900480985, "decode.acc_seg": 98.82322692871094, "aux.loss_ce": 0.011964106629602612, "aux.acc_seg": 98.82322692871094, "time": 0.2038365602493286, "step": 300}
{"lr": 0.009911076035273796, "data_time": 0.007621335983276367, "loss": 0.04157090988010168, "decode.loss_ce": 0.028362827235832812, "decode.acc_seg": 99.89326477050781, "aux.loss_ce": 0.01320808338932693, "aux.acc_seg": 100.0, "time": 0.20261831283569337, "step": 400}
{"aAcc": 99.03, "mIoU": 80.25, "mAcc": 89.89, "step": 400}
{"lr": 0.0098887753171919, "data_time": 0.007487678527832031, "loss": 0.025730234943330287, "decode.loss_ce": 0.01643725048052147, "decode.acc_seg": 99.35674285888672, "aux.loss_ce": 0.009292984352214262, "aux.acc_seg": 98.57936096191406, "time": 0.20227057933807374, "step": 500}
{"lr": 0.009866468952637547, "data_time": 0.007438969612121582, "loss": 0.03357558373827487, "decode.loss_ce": 0.022395302716176957, "decode.acc_seg": 98.27434539794922, "aux.loss_ce": 0.011180280358530581, "aux.acc_seg": 96.60768127441406, "time": 0.20253944396972656, "step": 600}
{"lr": 0.009844156925844432, "data_time": 0.007817506790161133, "loss": 0.020748023735359312, "decode.loss_ce": 0.014574213372543453, "decode.acc_seg": 99.98174285888672, "aux.loss_ce": 0.006173810386098921, "aux.acc_seg": 100.0, "time": 0.20347168445587158, "step": 700}
{"lr": 0.009821839220962003, "data_time": 0.007973289489746094, "loss": 0.039954562485218045, "decode.loss_ce": 0.026255975477397442, "decode.acc_seg": 98.8919906616211, "aux.loss_ce": 0.013698586029931903, "aux.acc_seg": 97.7972640991211, "time": 0.20336389541625977, "step": 800}
{"aAcc": 99.43, "mIoU": 86.79, "mAcc": 92.01, "step": 800}
